<!--
  Rules for parsing Cloudaudit output
  Authored by Jeremy Phillips <jeremy@uranusbytes.com>
  Copyright: Apache License 2.0
  ID: 110000-110009
  Cloudaudit - https://github.com/toniblyx/prowler
-->

<group name="local,amazon,cloudaudit,">
    <!-- Filter 1: Only cloudaudit events -->
    <rule id="110001" level="0">
        <field name="integration">cloudaudit</field>
        <description>Cloudaudit Check Result: $(cloudaudit.status) - Control $(cloudaudit.control_id)</description>
    </rule>
    <!-- Check Result: Pass -->
    <rule id="110002" level="1">
        <if_sid>110001</if_sid>
        <field name="cloudaudit.status">Pass</field>
        <description>Cloudaudit Check Result: $(cloudaudit.status) - Control $(cloudaudit.control_id)</description>
    </rule>
    <!-- Check Result: Info -->
    <rule id="110003" level="3">
        <if_sid>110001</if_sid>
        <field name="cloudaudit.status">Info</field>
        <description>Cloudaudit Check Result: $(cloudaudit.status) - Control $(cloudaudit.control_id)</description>
    </rule>
    <!-- Check Result: Error -->
    <rule id="110004" level="5">
        <if_sid>110001</if_sid>
        <field name="cloudaudit.status">Error</field>
        <description>Cloudaudit Check Result: $(cloudaudit.status) - Control $(cloudaudit.control_id)</description>
    </rule>
    <!-- Check Result: Fail, Scored -->
    <rule id="110005" level="9">
        <if_sid>110001</if_sid>
        <field name="cloudaudit.status">Fail</field>
        <description>Cloudaudit Check Result: $(cloudaudit.status) - Control $(cloudaudit.control_id)</description>
    </rule>
    <!-- Check Result: Fail, Not Scored -->
    <rule id="110006" level="7">
        <if_sid>110005</if_sid>
        <field name="cloudaudit.scored">Not Scored</field>
        <description>Cloudaudit Check Result: $(cloudaudit.status) - Control $(cloudaudit.control_id)</description>
    </rule>
</group>
